"ANO";"NIVEL";"CODMUNRES";"POPRE_T";"POPRC_T";"POPRC_M";"POPRC_F";"POPRC_15";"POPRC_15_49";"POPRC_50";"POPRC_F_15";"POPRC_F_15_49";"POPRC_F_50"
2016;"UF";23;17927326;16904762;8240176;8664586;2188250;4667326;1596805;1073780;2385820;872693
2016;"MUNICIPIO";23;8963663;8452381;4120088;4332293;NA;NA;NA;NA;NA;NA
2016;"MUNICIPIO";2300101;11483;10496;5210;5286;2983;5362;2151;1476;2645;1165
2016;"MUNICIPIO";2300150;16418;15338;7571;7767;4299;8341;2698;2162;4187;1418
2016;"MUNICIPIO";2300200;61715;57551;29102;28449;16637;31213;9701;8167;15325;4957
2016;"MUNICIPIO";2300309;53358;51160;25624;25536;12721;26145;12294;6123;13081;6332
2016;"MUNICIPIO";2300408;17098;16203;8117;8086;4668;8242;3293;2283;4112;1691
2016;"MUNICIPIO";2300507;11391;10771;5314;5457;2959;5681;2131;1404;2891;1162
2016;"MUNICIPIO";2300606;7413;6856;3317;3539;1901;3363;1592;909;1736;894
2016;"MUNICIPIO";2300705;16927;16359;8217;8142;4188;8765;3406;2023;4409;1710
2016;"MUNICIPIO";2300754;42508;39232;20356;18876;12493;20072;6667;6102;9492;3282
2016;"MUNICIPIO";2300804;7253;6984;3344;3640;1986;3321;1677;939;1780;921
2016;"MUNICIPIO";2300903;14644;13925;7072;6853;3771;7251;2903;1835;3557;1461
2016;"MUNICIPIO";2301000;78438;72628;37130;35498;18789;41695;12144;9301;20052;6145
2016;"MUNICIPIO";2301109;73188;69159;34147;35012;17018;39072;13069;8290;19564;7158
2016;"MUNICIPIO";2301208;26203;25391;12788;12603;6746;13400;5245;3352;6519;2732
2016;"MUNICIPIO";2301257;10800;10491;5180;5311;2823;5141;2527;1461;2497;1353
2016;"MUNICIPIO";2301307;21345;20685;10292;10393;6471;10470;3744;3143;5299;1951
2016;"MUNICIPIO";2301406;11300;11529;5823;5706;3331;6041;2157;1671;2948;1087
2016;"MUNICIPIO";2301505;7774;7650;3850;3800;2046;3899;1705;1048;1896;856
2016;"MUNICIPIO";2301604;23191;22445;11080;11365;6289;11055;5101;3130;5549;2686
2016;"MUNICIPIO";2301703;24548;24566;12224;12342;6244;12729;5593;3091;6365;2886
2016;"MUNICIPIO";2301802;6214;6026;3055;2971;1461;3207;1358;688;1572;711
2016;"MUNICIPIO";2301851;17968;17315;8737;8578;5251;8826;3238;2582;4383;1613
2016;"MUNICIPIO";2301901;59343;55323;26904;28419;14940;30258;10125;7246;15487;5686
2016;"MUNICIPIO";2301950;20835;19573;9736;9837;5351;10616;3606;2630;5344;1863
2016;"MUNICIPIO";2302008;22361;21514;10627;10887;5271;11268;4975;2612;5621;2654
2016;"MUNICIPIO";2302057;14854;14476;7321;7155;4287;7433;2756;2120;3620;1415
2016;"MUNICIPIO";2302107;35154;33321;16396;16925;9220;17723;6378;4505;9014;3406
2016;"MUNICIPIO";2302206;52719;49311;24857;24454;12681;26662;9968;6192;13125;5137
2016;"MUNICIPIO";2302305;32243;30878;15701;15177;8773;16392;5713;4266;8012;2899
2016;"MUNICIPIO";2302404;53945;52498;26340;26158;14854;25942;11702;7226;12868;6064
2016;"MUNICIPIO";2302503;48451;45193;21918;23275;11556;25094;8543;5666;12897;4712
2016;"MUNICIPIO";2302602;62734;60158;29770;30388;17131;33096;9931;8389;16712;5287
2016;"MUNICIPIO";2302701;27167;26506;12706;13800;7424;13308;5774;3639;6969;3192
2016;"MUNICIPIO";2302800;77261;74473;36912;37561;21221;38478;14774;10406;19481;7674
2016;"MUNICIPIO";2302909;17621;17062;8638;8424;4707;9022;3333;2247;4481;1696
2016;"MUNICIPIO";2303006;22065;20020;10124;9896;5707;10573;3740;2870;5202;1824
2016;"MUNICIPIO";2303105;18653;18347;9142;9205;4951;9203;4193;2431;4546;2228
2016;"MUNICIPIO";2303204;26876;26393;12812;13581;7932;12906;5555;3910;6717;2954
2016;"MUNICIPIO";2303303;18807;18567;9334;9233;4532;9453;4582;2265;4623;2345
2016;"MUNICIPIO";2303402;17549;16746;8347;8399;5081;8296;3369;2469;4188;1742
2016;"MUNICIPIO";2303501;70574;66142;32887;33255;16722;36796;12624;8165;18473;6617
2016;"MUNICIPIO";2303600;20269;18745;9302;9443;4307;10625;3813;2138;5432;1873
2016;"MUNICIPIO";2303659;10331;9952;5033;4919;2836;4891;2225;1378;2412;1129
2016;"MUNICIPIO";2303709;358164;325441;159598;165843;88780;188348;48313;43701;95934;26208
2016;"MUNICIPIO";2303808;25038;24527;12108;12419;6203;12199;6125;3059;6097;3263
2016;"MUNICIPIO";2303907;12931;12615;6194;6421;3556;6755;2304;1790;3432;1199
2016;"MUNICIPIO";2303931;13340;12853;6586;6267;3885;6445;2523;1856;3169;1242
2016;"MUNICIPIO";2303956;19194;18915;9600;9315;4950;10725;3240;2395;5287;1633
2016;"MUNICIPIO";2304004;23000;21954;10944;11010;6382;11411;4161;3188;5602;2220
2016;"MUNICIPIO";2304103;74350;72812;35509;37303;18153;38018;16641;8888;19383;9032
2016;"MUNICIPIO";2304202;129662;121428;57616;63812;31115;67131;23182;15294;35206;13312
2016;"MUNICIPIO";2304236;17802;17069;8328;8741;5100;8300;3669;2496;4305;1940
2016;"MUNICIPIO";2304251;23833;22479;11091;11388;6488;11872;4119;3132;6114;2142
2016;"MUNICIPIO";2304269;9483;9095;4562;4533;2252;4620;2223;1074;2338;1121
2016;"MUNICIPIO";2304277;7134;6840;3428;3412;1701;3601;1538;850;1773;789
2016;"MUNICIPIO";2304285;51913;46033;22951;23082;12789;26675;6569;6153;13530;3399
2016;"MUNICIPIO";2304301;18789;19007;9329;9678;5016;9728;4263;2442;4912;2324
2016;"MUNICIPIO";2304350;23801;21786;10786;11000;5908;11904;3974;2950;5961;2089
2016;"MUNICIPIO";2304400;2609716;2452185;1147918;1304267;553682;1443318;455185;272740;764773;266754
2016;"MUNICIPIO";2304459;16115;14817;7456;7361;3840;8131;2846;1898;3986;1477
2016;"MUNICIPIO";2304509;13606;12991;6378;6613;3898;6593;2500;1951;3322;1340
2016;"MUNICIPIO";2304608;6845;6218;3164;3054;1951;3090;1177;972;1494;588
2016;"MUNICIPIO";2304657;15300;15049;7439;7610;4568;7210;3271;2215;3642;1753
2016;"MUNICIPIO";2304707;54146;52645;26714;25931;16946;26664;9035;8389;12939;4603
2016;"MUNICIPIO";2304806;4459;4629;2263;2366;1350;2364;915;650;1218;498
2016;"MUNICIPIO";2304905;10931;10228;5045;5183;2502;5468;2258;1236;2710;1237
2016;"MUNICIPIO";2304954;26091;24091;12139;11952;6762;13305;4024;3362;6472;2118
2016;"MUNICIPIO";2305001;39301;37775;18660;19115;11512;18662;7601;5778;9358;3979
2016;"MUNICIPIO";2305100;3632;4164;2099;2065;1143;2251;770;557;1091;417
2016;"MUNICIPIO";2305209;20136;19325;9626;9699;5344;9363;4618;2653;4655;2391
2016;"MUNICIPIO";2305233;64673;55187;27532;27655;15110;32742;7335;7486;16295;3874
2016;"MUNICIPIO";2305266;13203;12922;6667;6255;3780;6533;2609;1840;3104;1311
2016;"MUNICIPIO";2305308;24739;23808;11933;11875;6816;12021;4971;3295;5969;2611
2016;"MUNICIPIO";2305332;12242;11335;5865;5470;2871;6190;2274;1397;2954;1119
2016;"MUNICIPIO";2305357;19554;18392;9414;8978;4546;10435;3411;2123;5133;1722
2016;"MUNICIPIO";2305407;67345;65456;31881;33575;17222;34518;13716;8505;17710;7360
2016;"MUNICIPIO";2305506;102013;96495;46425;50070;22826;52770;20899;11177;27404;11489
2016;"MUNICIPIO";2305605;25962;25573;12741;12832;6439;13135;5999;3131;6541;3160
2016;"MUNICIPIO";2305654;11499;11343;5658;5685;3121;5401;2821;1519;2693;1473
2016;"MUNICIPIO";2305704;12327;12009;5996;6013;3075;6092;2842;1494;3021;1498
2016;"MUNICIPIO";2305803;41485;40296;19956;20340;11060;20347;8889;5403;10093;4844
2016;"MUNICIPIO";2305902;37957;37862;18533;19329;11175;18134;8553;5475;9240;4614
2016;"MUNICIPIO";2306009;14098;13722;6763;6959;3379;7099;3244;1661;3547;1751
2016;"MUNICIPIO";2306108;23704;22324;11347;10977;6898;11605;3821;3347;5697;1933
2016;"MUNICIPIO";2306207;7698;7316;3642;3674;1606;3979;1731;745;1976;953
2016;"MUNICIPIO";2306256;38933;35817;18288;17529;9590;20993;5234;4764;9991;2774
2016;"MUNICIPIO";2306306;51538;48350;23990;24360;13947;26276;8127;6944;13178;4238
2016;"MUNICIPIO";2306405;126234;116065;58243;57822;34600;61927;19538;16915;30897;10010
2016;"MUNICIPIO";2306504;19872;18626;9461;9165;5275;9732;3619;2570;4768;1827
2016;"MUNICIPIO";2306553;40822;37471;19351;18120;11834;20073;5564;5782;9528;2810
2016;"MUNICIPIO";2306603;20484;18894;9589;9305;6071;9244;3579;2980;4530;1795
2016;"MUNICIPIO";2306702;17977;17863;9071;8792;4627;9159;4077;2206;4509;2077
2016;"MUNICIPIO";2306801;11200;10399;5277;5122;2600;5583;2216;1271;2737;1114
2016;"MUNICIPIO";2306900;34503;34409;16829;17580;8827;17569;8013;4294;8985;4301
2016;"MUNICIPIO";2307007;33607;32236;16076;16160;7656;18274;6306;3773;8992;3395
2016;"MUNICIPIO";2307106;27074;26688;13067;13621;7723;13680;5285;3775;6957;2889
2016;"MUNICIPIO";2307205;7827;7660;3830;3830;1940;4037;1683;928;1994;908
2016;"MUNICIPIO";2307254;19224;17002;8520;8482;4897;9629;2476;2350;4870;1262
2016;"MUNICIPIO";2307304;268248;249939;118353;131586;66854;138234;44851;32807;72572;26207
2016;"MUNICIPIO";2307403;24540;23807;11766;12041;6515;11770;5522;3137;6016;2888
2016;"MUNICIPIO";2307502;31359;31090;15568;15522;7893;15739;7458;3795;7783;3944
2016;"MUNICIPIO";2307601;58552;56264;27577;28687;13205;31978;11081;6471;16303;5913
2016;"MUNICIPIO";2307635;19616;18088;9083;9005;5370;9233;3485;2665;4558;1782
2016;"MUNICIPIO";2307650;223188;209057;102078;106979;53707;123008;32342;26136;63171;17672
2016;"MUNICIPIO";2307700;125058;113561;56619;56942;30357;64874;18330;14441;32679;9822
2016;"MUNICIPIO";2307809;26738;24703;12599;12104;7983;13107;3613;3843;6399;1862
2016;"MUNICIPIO";2307908;10990;10214;5100;5114;3184;5248;1782;1561;2581;972
2016;"MUNICIPIO";2308005;37892;35191;17444;17747;10338;18744;6109;5148;9296;3303
2016;"MUNICIPIO";2308104;46335;44240;22091;22149;12595;23373;8272;6117;11596;4436
2016;"MUNICIPIO";2308203;14814;13693;6874;6819;3740;7198;2755;1824;3539;1456
2016;"MUNICIPIO";2308302;28292;28316;13926;14390;7410;15053;5853;3634;7583;3173
2016;"MUNICIPIO";2308351;13152;13086;6528;6558;3235;6524;3327;1576;3282;1700
2016;"MUNICIPIO";2308377;13507;12800;6607;6193;4091;6406;2303;1982;3062;1149
2016;"MUNICIPIO";2308401;35326;34274;16915;17359;9853;17709;6712;4796;8880;3683
2016;"MUNICIPIO";2308500;43678;42690;21249;21441;11661;21161;9868;5729;10550;5162
2016;"MUNICIPIO";2308609;17025;16705;8295;8410;4658;8345;3702;2293;4242;1875
2016;"MUNICIPIO";2308708;61722;62065;31143;30922;15300;33215;13550;7524;16411;6987
2016;"MUNICIPIO";2308807;8579;8070;4070;4000;2347;4218;1505;1168;2056;776
2016;"MUNICIPIO";2308906;22067;20700;10440;10260;6615;10475;3610;3252;5184;1824
2016;"MUNICIPIO";2309003;14367;14102;6699;7403;3821;6893;3388;1880;3664;1859
2016;"MUNICIPIO";2309102;12682;11485;5842;5643;3383;5819;2283;1702;2785;1156
2016;"MUNICIPIO";2309201;15310;14256;7020;7236;4015;7545;2696;1989;3805;1442
2016;"MUNICIPIO";2309300;31954;30965;15024;15941;8143;15408;7414;4054;7877;4010
2016;"MUNICIPIO";2309409;28288;27453;13549;13904;7337;14138;5978;3716;7134;3054
2016;"MUNICIPIO";2309458;25261;24007;12317;11690;6366;12649;4992;3050;6137;2503
2016;"MUNICIPIO";2309508;21342;21389;10421;10968;5062;10870;5457;2483;5506;2979
2016;"MUNICIPIO";2309607;69877;61838;30370;31468;16665;35514;9659;8290;17964;5214
2016;"MUNICIPIO";2309706;81627;72299;35599;36700;19984;41911;10404;9703;21404;5593
2016;"MUNICIPIO";2309805;11936;11607;5850;5757;3257;6108;2242;1622;2986;1149
2016;"MUNICIPIO";2309904;6186;5986;2902;3084;1624;3051;1311;785;1557;742
2016;"MUNICIPIO";2310001;9248;8866;4470;4396;2016;4821;2029;965;2343;1088
2016;"MUNICIPIO";2310100;13022;12005;6002;6003;3217;6411;2377;1617;3166;1220
2016;"MUNICIPIO";2310209;33665;31636;15852;15784;8553;17406;5677;4257;8620;2907
2016;"MUNICIPIO";2310258;32256;30041;15291;14750;8556;16331;5154;4246;7937;2567
2016;"MUNICIPIO";2310308;31213;31309;15262;16047;8905;15514;6890;4369;8091;3587
2016;"MUNICIPIO";2310407;11564;11308;5814;5494;3367;5723;2218;1606;2747;1141
2016;"MUNICIPIO";2310506;42795;41890;20697;21193;11314;21359;9217;5547;10814;4832
2016;"MUNICIPIO";2310605;8888;8226;4044;4182;2362;4403;1461;1154;2233;795
2016;"MUNICIPIO";2310704;36928;35400;17899;17501;9847;18981;6572;4768;9303;3430
2016;"MUNICIPIO";2310803;16139;15757;7762;7995;4332;7892;3533;2153;3948;1894
2016;"MUNICIPIO";2310852;20430;18683;9340;9343;4608;10375;3700;2267;5161;1915
2016;"MUNICIPIO";2310902;16599;15467;7790;7677;3500;8155;3812;1684;4032;1961
2016;"MUNICIPIO";2310951;10730;10216;5139;5077;2838;5100;2278;1389;2498;1190
2016;"MUNICIPIO";2311009;12234;12001;5974;6027;3522;5905;2574;1734;2957;1336
2016;"MUNICIPIO";2311108;14965;15061;7366;7695;4031;7860;3170;1974;3962;1759
2016;"MUNICIPIO";2311207;10856;10276;4987;5289;3081;5086;2109;1529;2654;1106
2016;"MUNICIPIO";2311231;6337;6126;3159;2967;1621;3284;1221;774;1584;609
2016;"MUNICIPIO";2311264;20777;19921;9852;10069;5368;10279;4274;2640;5211;2218
2016;"MUNICIPIO";2311306;85991;80604;39769;40835;21916;43233;15455;10647;21949;8239
2016;"MUNICIPIO";2311355;14903;15000;7549;7451;3626;7652;3722;1806;3763;1882
2016;"MUNICIPIO";2311405;77931;71887;35729;36158;19203;37747;14937;9320;19094;7744
2016;"MUNICIPIO";2311504;21728;19412;9706;9706;4981;10781;3650;2437;5361;1908
2016;"MUNICIPIO";2311603;27358;26415;13122;13293;7220;13855;5340;3538;6939;2816
2016;"MUNICIPIO";2311702;18889;19455;9681;9774;5457;9409;4589;2653;4628;2493
2016;"MUNICIPIO";2311801;75762;69833;34405;35428;17177;39750;12906;8416;19922;7090
2016;"MUNICIPIO";2311900;15715;15752;7762;7990;4502;7607;3643;2242;3885;1863
2016;"MUNICIPIO";2311959;16248;15453;7770;7683;5096;7755;2602;2492;3869;1322
2016;"MUNICIPIO";2312007;31814;29946;15171;14775;8962;15573;5411;4385;7577;2813
2016;"MUNICIPIO";2312106;17479;17170;8640;8530;5429;8468;3273;2633;4188;1709
2016;"MUNICIPIO";2312205;43359;42763;21441;21322;11769;22019;8975;5818;10882;4622
2016;"MUNICIPIO";2312304;46414;44178;21829;22349;13095;22402;8681;6460;11260;4629
2016;"MUNICIPIO";2312403;47791;43890;22348;21542;11914;24539;7437;5820;11927;3795
2016;"MUNICIPIO";2312502;7670;7900;3852;4048;1566;4110;2224;791;2059;1198
2016;"MUNICIPIO";2312601;12805;12332;6142;6190;3168;6663;2501;1602;3303;1285
2016;"MUNICIPIO";2312700;26496;26469;13019;13450;6652;13502;6315;3258;6836;3356
2016;"MUNICIPIO";2312809;7442;6852;3431;3421;2117;3450;1285;1044;1726;651
2016;"MUNICIPIO";2312908;203682;188233;91462;96771;49077;109411;29745;23987;56211;16573
2016;"MUNICIPIO";2313005;18127;17665;8838;8827;4333;8948;4384;2100;4459;2268
2016;"MUNICIPIO";2313104;30378;29204;14214;14990;6889;16256;6059;3430;8298;3262
2016;"MUNICIPIO";2313203;25560;25451;12631;12820;7052;12698;5701;3491;6303;3026
2016;"MUNICIPIO";2313252;8875;8910;4452;4458;2374;4526;2010;1156;2291;1011
2016;"MUNICIPIO";2313302;57914;55716;27357;28359;14735;28287;12694;7225;14448;6686
2016;"MUNICIPIO";2313351;18709;16827;8608;8219;5037;8813;2977;2527;4258;1434
2016;"MUNICIPIO";2313401;74107;68892;34175;34717;20290;37355;11247;10032;18840;5845
2016;"MUNICIPIO";2313500;54820;51422;26437;24985;15394;26932;9096;7429;12934;4622
2016;"MUNICIPIO";2313559;15768;14408;7473;6935;3992;7729;2687;1932;3656;1347
2016;"MUNICIPIO";2313609;34068;31787;15760;16027;9017;16829;5941;4469;8394;3164
2016;"MUNICIPIO";2313708;7668;7545;3772;3773;1960;3709;1876;958;1830;985
2016;"MUNICIPIO";2313757;19602;18802;9641;9161;5653;9853;3296;2758;4739;1664
2016;"MUNICIPIO";2313807;21411;19765;9925;9840;5711;10746;3308;2857;5249;1734
2016;"MUNICIPIO";2313906;13600;12883;6498;6385;3787;6747;2349;1874;3318;1193
2016;"MUNICIPIO";2313955;18188;17593;8705;8888;4970;8821;3802;2434;4387;2067
2016;"MUNICIPIO";2314003;40255;38434;18660;19774;9528;19635;9271;4717;10095;4962
2016;"MUNICIPIO";2314102;59487;54955;27663;27292;17149;28459;9347;8427;14020;4845
