"ANO";"NIVEL";"CODMUNRES";"TO";"TORC";"TORCR";"TO_NN";"TO_N";"TO_CB_I";"TO_CB_N";"TO_CB_C";"TO_CB_R";"TO_CB_O";"TO_M";"TO_F";"TO_F_IF";"TO_FT";"TO_NT";"TO_NT_P";"TO_NT_T";"TO_PNT";"TONT_B";"TONT_PT";"TONT_A";"TONT_PD";"TONT_I";"TO_MT";"TO_MT_DG";"TO_MT_PT";"TO_MT_AB";"TO_MT_42";"TO_MT_43";"TO_MT_P";"TO_MT_P_I";"TO_MT_P_ES";"TO_MT_P_EFI";"TO_MT_P_EFII";"TO_MT_P_EM";"TO_MT_P_ESI";"TO_MT_P_ESC"
2016;"MUNICIPIO";230000;2;2502;0;1;1;0;0;1;0;0;2;0;0;0;0;0;0;0;0;0;0;0;0;0;0;0;0;0;0;0;0;0;0;0;0;0;0
2016;"MUNICIPIO";230010;65;2502;1;7;58;0;9;17;6;26;40;25;2;0;4;4;0;0;1;0;0;2;0;0;0;0;0;0;0;0;0;0;0;0;0;0;0
2016;"MUNICIPIO";230015;97;2502;0;15;82;2;13;30;8;29;61;36;2;0;6;6;0;0;1;0;0;4;0;0;0;0;0;0;0;0;0;0;0;0;0;0;0
2016;"MUNICIPIO";230020;348;2502;14;47;301;11;41;105;39;105;205;143;21;0;22;13;9;1;3;1;0;17;0;2;1;1;0;0;0;2;1;0;1;1;0;0;0
2016;"MUNICIPIO";230030;373;2502;7;41;332;9;78;125;57;63;215;158;11;0;8;7;1;0;3;0;0;4;0;1;0;0;0;0;1;0;0;0;0;0;0;0;0
2016;"MUNICIPIO";230040;83;2502;3;13;70;5;14;35;6;10;49;34;2;0;1;0;1;0;0;0;0;1;0;0;0;0;0;0;0;0;0;0;0;0;0;0;0
2016;"MUNICIPIO";230050;62;2502;3;8;54;0;7;29;10;8;30;32;1;0;3;1;2;0;1;0;0;2;0;0;0;0;0;0;0;0;0;0;0;0;0;0;0
2016;"MUNICIPIO";230060;56;2502;4;7;49;4;8;18;9;10;31;25;3;0;1;0;1;0;1;0;0;0;0;0;0;0;0;0;0;0;0;0;0;0;0;0;0
2016;"MUNICIPIO";230070;99;2502;6;17;82;6;12;37;7;20;63;36;2;0;4;3;1;0;0;0;0;3;0;0;0;0;0;0;0;0;0;0;0;0;0;0;0
2016;"MUNICIPIO";230075;179;2502;11;28;151;8;25;40;31;47;104;75;10;0;5;3;2;0;1;0;0;4;0;0;0;0;0;0;0;0;0;0;0;0;0;0;0
2016;"MUNICIPIO";230080;62;2502;4;7;55;1;14;15;5;20;26;36;5;0;2;2;0;0;1;0;0;1;0;0;0;0;0;0;0;0;0;0;0;0;0;0;0
2016;"MUNICIPIO";230090;88;2502;1;11;77;1;17;27;15;17;43;44;3;0;2;2;0;0;0;0;0;0;0;0;0;0;0;0;0;0;0;0;0;0;0;0;0
2016;"MUNICIPIO";230100;462;2502;6;99;363;7;73;101;58;124;279;182;22;0;28;23;5;0;5;0;0;13;0;1;1;0;0;0;0;1;1;0;0;0;0;0;1
2016;"MUNICIPIO";230110;408;2502;26;48;360;7;64;115;53;121;224;184;23;0;8;6;2;0;2;0;0;4;0;1;0;0;0;0;1;0;0;0;0;0;0;0;0
2016;"MUNICIPIO";230120;172;2502;7;17;155;2;27;51;28;47;90;82;8;0;7;5;2;0;0;0;0;6;0;0;0;0;0;0;0;0;0;0;0;0;0;0;0
2016;"MUNICIPIO";230125;62;2502;0;5;57;0;18;21;3;15;42;20;1;0;4;4;0;0;1;0;0;2;0;0;0;0;0;0;0;0;0;0;0;0;0;0;0
2016;"MUNICIPIO";230130;155;2502;15;28;127;3;17;57;15;35;86;69;10;0;6;4;2;0;0;0;0;3;0;0;0;0;0;0;0;0;0;0;0;0;0;0;0
2016;"MUNICIPIO";230140;69;2502;0;10;59;1;7;10;16;25;47;22;0;0;0;0;0;0;0;0;0;0;0;0;0;0;0;0;0;0;0;0;0;0;0;0;0
2016;"MUNICIPIO";230150;42;2502;1;4;38;2;6;17;4;9;22;20;5;0;0;0;0;0;0;0;0;0;0;0;0;0;0;0;0;0;0;0;0;0;0;0;0
2016;"MUNICIPIO";230160;138;2502;10;21;117;11;17;38;21;30;80;58;8;0;2;1;1;0;0;0;0;0;0;0;0;0;0;0;0;0;0;0;0;0;0;0;0
2016;"MUNICIPIO";230170;173;2502;2;15;158;9;39;38;27;45;102;71;6;0;0;0;0;0;0;0;0;0;0;0;0;0;0;0;0;0;0;0;0;0;0;0;0
2016;"MUNICIPIO";230180;31;2502;1;2;29;1;9;16;1;2;15;16;1;0;1;1;0;0;0;0;0;0;0;0;0;0;0;0;0;0;0;0;0;0;0;0;0
2016;"MUNICIPIO";230185;112;2502;2;10;102;9;21;19;16;37;73;39;2;0;7;2;5;0;2;0;0;5;0;0;0;0;0;0;0;0;0;0;0;0;0;0;0
2016;"MUNICIPIO";230190;434;2502;16;41;393;16;87;114;65;111;234;200;27;0;10;8;2;0;3;0;0;3;0;0;0;0;0;0;0;0;0;0;0;0;0;0;0
2016;"MUNICIPIO";230195;138;2502;6;37;101;2;19;29;16;35;87;51;8;0;3;3;0;0;0;0;0;1;0;0;0;0;0;0;0;0;0;0;0;0;0;0;0
2016;"MUNICIPIO";230200;145;2502;5;13;132;5;27;44;14;42;83;62;8;0;4;2;2;0;0;0;0;2;0;0;0;0;0;0;0;0;0;0;0;0;0;0;0
2016;"MUNICIPIO";230205;92;2502;1;8;84;4;13;32;9;26;59;33;1;0;1;0;1;0;0;0;0;1;0;0;0;0;0;0;0;0;0;0;0;0;0;0;0
2016;"MUNICIPIO";230210;236;2502;7;35;201;12;40;77;15;57;143;93;8;0;6;5;1;1;1;0;0;5;0;0;0;0;0;0;0;0;0;0;0;0;0;0;0
2016;"MUNICIPIO";230220;313;2502;13;30;283;9;48;102;55;69;178;135;9;0;6;5;1;0;0;0;0;4;0;2;0;1;0;0;1;1;0;0;0;0;0;0;0
2016;"MUNICIPIO";230230;174;2502;10;22;152;6;30;53;13;50;101;73;8;0;4;3;1;0;2;0;0;2;0;1;0;0;0;1;0;1;1;0;1;0;0;0;0
2016;"MUNICIPIO";230240;368;2502;17;50;318;15;81;114;26;82;214;154;18;0;5;4;1;0;3;0;0;1;0;0;0;0;0;0;0;0;0;0;0;0;0;0;0
2016;"MUNICIPIO";230250;295;2502;9;49;246;7;45;87;34;73;162;133;19;0;13;10;3;0;1;0;0;11;0;1;0;1;0;0;0;1;1;0;1;0;0;0;0
2016;"MUNICIPIO";230260;353;2502;37;50;303;12;38;119;40;94;200;152;20;0;10;8;2;0;1;0;0;9;0;1;1;0;0;0;0;1;0;0;1;0;0;0;0
2016;"MUNICIPIO";230270;220;2502;8;33;187;5;33;60;34;55;131;89;8;0;6;4;2;0;1;0;0;4;0;0;0;0;0;0;0;0;0;0;0;0;0;0;0
2016;"MUNICIPIO";230280;527;2502;6;51;476;26;86;133;52;179;300;227;16;0;13;8;5;1;3;0;0;6;0;3;3;0;0;0;0;3;3;0;2;0;0;0;0
2016;"MUNICIPIO";230290;129;2502;1;14;115;2;14;35;19;45;78;51;1;0;3;2;1;0;1;0;0;1;0;0;0;0;0;0;0;0;0;0;0;0;0;0;0
2016;"MUNICIPIO";230300;116;2502;2;13;103;6;20;28;11;38;78;38;4;0;6;3;3;0;0;0;0;2;0;0;0;0;0;0;0;0;0;0;0;0;0;0;0
2016;"MUNICIPIO";230310;118;2502;2;12;106;2;16;33;26;29;62;56;4;0;0;0;0;0;0;0;0;0;0;0;0;0;0;0;0;0;0;0;0;0;0;0;0
2016;"MUNICIPIO";230320;171;2502;1;21;150;9;21;61;16;43;92;79;5;0;3;3;0;0;1;0;0;1;0;0;0;0;0;0;0;0;0;0;0;0;0;0;0
2016;"MUNICIPIO";230330;124;2502;3;15;109;2;22;30;13;42;65;59;4;0;3;3;0;0;0;0;0;2;0;0;0;0;0;0;0;0;0;0;0;0;0;0;0
2016;"MUNICIPIO";230340;99;2502;4;16;83;2;16;38;6;21;59;40;6;0;3;1;2;0;0;0;0;3;0;0;0;0;0;0;0;0;0;0;0;0;0;0;0
2016;"MUNICIPIO";230350;397;2502;15;57;340;2;74;126;61;77;236;161;13;0;8;5;3;0;3;0;0;4;0;1;0;0;0;0;1;0;0;0;0;0;0;0;0
2016;"MUNICIPIO";230360;83;2502;6;11;72;2;16;36;10;8;42;41;3;0;2;1;1;0;1;0;0;1;0;0;0;0;0;0;0;0;0;0;0;0;0;0;0
2016;"MUNICIPIO";230365;60;2502;2;6;54;5;8;22;5;14;30;30;5;0;3;2;1;0;0;0;0;3;0;0;0;0;0;0;0;0;0;0;0;0;0;0;0
2016;"MUNICIPIO";230370;1786;2502;116;351;1435;71;280;408;216;460;1052;734;118;0;53;35;18;0;10;1;0;29;0;7;3;0;0;4;0;7;6;0;1;1;4;1;0
2016;"MUNICIPIO";230380;178;2502;4;17;161;10;28;59;23;41;102;76;5;0;3;2;1;0;0;0;0;3;0;0;0;0;0;0;0;0;0;0;0;0;0;0;0
2016;"MUNICIPIO";230390;86;2502;2;9;77;4;14;24;7;28;41;45;4;0;1;1;0;0;0;0;0;1;0;0;0;0;0;0;0;0;0;0;0;0;0;0;0
2016;"MUNICIPIO";230393;61;2502;3;9;52;5;13;19;1;14;38;23;1;0;3;1;2;0;1;0;0;2;0;0;0;0;0;0;0;0;0;0;0;0;0;0;0
2016;"MUNICIPIO";230395;127;2502;3;26;101;2;16;39;9;35;77;50;8;0;5;3;2;0;1;0;0;3;0;1;0;0;0;0;1;0;0;0;0;0;0;0;0
2016;"MUNICIPIO";230400;140;2502;9;22;118;7;24;29;14;44;91;49;6;0;6;3;3;0;2;0;0;4;0;0;0;0;0;0;0;0;0;0;0;0;0;0;0
2016;"MUNICIPIO";230410;579;2502;7;74;505;21;93;144;73;174;325;253;25;0;21;14;7;0;4;0;0;10;1;2;0;0;0;1;1;1;1;0;0;0;0;0;1
2016;"MUNICIPIO";230420;856;2502;48;91;765;30;126;250;112;247;489;367;39;0;32;24;8;0;6;0;0;21;0;0;0;0;0;0;0;0;0;0;0;0;0;0;0
2016;"MUNICIPIO";230423;106;2502;5;18;88;5;10;33;13;27;58;48;4;0;0;0;0;0;0;0;0;0;0;0;0;0;0;0;0;0;0;0;0;0;0;0;0
2016;"MUNICIPIO";230425;137;2502;10;15;122;3;17;46;13;43;75;62;5;0;3;2;1;0;1;0;0;2;0;0;0;0;0;0;0;0;0;0;0;0;0;0;0
2016;"MUNICIPIO";230426;73;2502;4;9;64;2;9;27;11;15;35;38;1;0;1;1;0;0;0;0;0;1;0;0;0;0;0;0;0;0;0;0;0;0;0;0;0
2016;"MUNICIPIO";230427;32;2502;1;5;27;0;6;9;3;9;17;15;1;0;0;0;0;0;0;0;0;0;0;0;0;0;0;0;0;0;0;0;0;0;0;0;0
2016;"MUNICIPIO";230428;270;2502;9;67;203;15;51;59;26;52;168;102;16;0;5;5;0;0;3;0;0;2;0;1;0;0;0;1;0;1;1;0;0;0;0;0;0
2016;"MUNICIPIO";230430;135;2502;5;14;121;5;32;36;16;32;75;60;7;0;3;3;0;0;1;0;0;2;0;0;0;0;0;0;0;0;0;0;0;0;0;0;0
2016;"MUNICIPIO";230435;125;2502;5;21;104;10;17;19;15;43;72;53;5;0;4;2;2;0;1;0;0;3;0;0;0;0;0;0;0;0;0;0;0;0;0;0;0
2016;"MUNICIPIO";230440;15376;2502;761;2373;13003;766;2860;3288;1842;4247;8320;7051;784;0;418;296;122;6;107;1;0;194;0;30;6;0;0;15;9;21;19;0;4;4;8;0;3
2016;"MUNICIPIO";230445;78;2502;1;9;69;6;13;30;6;14;44;34;4;0;2;2;0;0;0;0;0;1;0;0;0;0;0;0;0;0;0;0;0;0;0;0;0
2016;"MUNICIPIO";230450;100;2502;2;10;90;10;14;32;15;19;62;38;5;0;1;1;0;0;0;0;0;1;0;0;0;0;0;0;0;0;0;0;0;0;0;0;0
2016;"MUNICIPIO";230460;47;2502;1;6;41;1;5;20;5;10;28;19;0;0;1;0;1;0;0;0;0;0;0;0;0;0;0;0;0;0;0;0;0;0;0;0;0
2016;"MUNICIPIO";230465;82;2502;0;7;75;5;9;31;12;18;43;39;2;0;2;2;0;1;0;0;0;2;0;0;0;0;0;0;0;0;0;0;0;0;0;0;0
2016;"MUNICIPIO";230470;299;2502;20;32;267;10;44;80;57;76;154;145;17;0;19;15;4;0;3;0;0;15;0;2;1;0;0;0;1;1;0;1;0;0;0;0;0
2016;"MUNICIPIO";230480;29;2502;1;1;28;3;3;8;3;11;14;15;1;0;2;2;0;0;0;0;0;2;0;0;0;0;0;0;0;0;0;0;0;0;0;0;0
2016;"MUNICIPIO";230490;64;2502;5;3;61;3;15;16;8;19;34;30;4;0;0;0;0;0;0;0;0;0;0;1;0;1;0;0;0;1;1;0;0;0;1;0;0
2016;"MUNICIPIO";230495;140;2502;7;26;114;4;23;43;12;32;87;53;7;0;3;2;1;0;0;0;0;3;0;0;0;0;0;0;0;0;0;0;0;0;0;0;0
2016;"MUNICIPIO";230500;264;2502;6;28;236;7;45;82;30;72;156;108;5;0;10;6;4;0;3;0;0;7;0;0;0;0;0;0;0;0;0;0;0;0;0;0;0
2016;"MUNICIPIO";230510;31;2502;2;3;28;1;4;10;4;9;13;18;3;0;1;0;1;0;0;0;0;1;0;1;0;0;0;1;0;1;1;0;0;0;1;0;0
2016;"MUNICIPIO";230520;165;2502;5;13;152;5;20;65;20;42;86;79;6;0;2;0;2;1;0;0;0;2;0;0;0;0;0;0;0;0;0;0;0;0;0;0;0
2016;"MUNICIPIO";230523;314;2502;16;78;236;11;57;67;27;74;196;118;18;0;10;8;2;0;2;0;0;6;0;2;0;0;0;1;1;1;1;0;0;1;0;0;0
2016;"MUNICIPIO";230526;80;2502;4;6;74;3;6;15;12;38;47;33;5;0;9;7;2;0;1;0;0;8;0;1;0;0;0;1;0;1;1;0;1;0;0;0;0
2016;"MUNICIPIO";230530;165;2502;6;15;150;3;28;59;15;45;90;75;6;0;6;5;1;0;2;0;0;4;0;0;0;0;0;0;0;0;0;0;0;0;0;0;0
2016;"MUNICIPIO";230533;72;2502;3;17;55;3;8;23;3;18;52;20;7;0;1;1;0;0;1;0;0;0;0;0;0;0;0;0;0;0;0;0;0;0;0;0;0
2016;"MUNICIPIO";230535;105;2502;7;12;93;3;27;24;12;27;53;52;9;0;2;2;0;0;0;0;0;2;0;0;0;0;0;0;0;0;0;0;0;0;0;0;0
2016;"MUNICIPIO";230540;443;2502;19;66;377;15;57;157;48;100;268;175;28;0;10;6;4;0;1;0;0;5;0;1;0;0;0;0;1;0;0;0;0;0;0;0;0
2016;"MUNICIPIO";230550;732;2502;37;102;630;15;160;230;88;137;434;298;36;0;18;13;5;0;5;1;0;7;0;3;2;0;0;1;0;3;3;0;0;1;2;0;0
2016;"MUNICIPIO";230560;170;2502;4;21;149;2;35;50;20;42;93;77;9;0;3;1;2;0;0;0;0;2;0;1;0;0;0;1;0;1;0;0;0;0;0;0;0
2016;"MUNICIPIO";230565;94;2502;0;7;87;1;14;32;15;25;55;39;3;0;2;2;0;0;0;0;0;2;0;0;0;0;0;0;0;0;0;0;0;0;0;0;0
2016;"MUNICIPIO";230570;84;2502;1;9;75;2;10;29;8;26;43;41;3;0;5;5;0;0;0;0;0;5;0;0;0;0;0;0;0;0;0;0;0;0;0;0;0
2016;"MUNICIPIO";230580;254;2502;18;28;226;18;31;81;28;68;132;122;15;0;4;1;3;0;2;0;0;2;0;0;0;0;0;0;0;0;0;0;0;0;0;0;0
2016;"MUNICIPIO";230590;312;2502;4;23;289;10;43;120;38;78;175;137;10;0;10;7;3;0;0;0;0;8;0;0;0;0;0;0;0;0;0;0;0;0;0;0;0
2016;"MUNICIPIO";230600;105;2502;1;16;89;4;16;34;15;20;68;37;2;0;2;2;0;0;1;0;0;1;0;0;0;0;0;0;0;0;0;0;0;0;0;0;0
2016;"MUNICIPIO";230610;131;2502;13;19;112;6;17;35;18;36;74;57;15;0;2;1;1;0;0;0;0;2;0;3;0;1;0;2;0;3;3;0;1;0;1;0;0
2016;"MUNICIPIO";230620;49;2502;3;4;45;1;7;16;7;14;29;20;2;0;2;2;0;0;0;0;0;2;0;0;0;0;0;0;0;0;0;0;0;0;0;0;0
2016;"MUNICIPIO";230625;203;2502;28;49;154;10;32;45;21;46;115;88;17;0;7;4;3;0;1;0;0;5;0;1;1;0;0;0;0;1;1;0;0;1;0;0;0
2016;"MUNICIPIO";230630;283;2502;7;48;235;11;40;79;27;78;173;110;10;0;11;9;2;0;3;0;0;4;0;0;0;0;0;0;0;0;0;0;0;0;0;0;0
2016;"MUNICIPIO";230640;585;2502;51;72;513;25;90;181;73;144;339;246;32;0;20;18;2;0;3;0;0;17;0;2;0;1;0;0;1;1;1;0;0;0;1;0;0
2016;"MUNICIPIO";230650;129;2502;2;18;111;4;11;22;25;49;78;51;3;0;4;4;0;0;3;0;0;1;0;0;0;0;0;0;0;0;0;0;0;0;0;0;0
2016;"MUNICIPIO";230655;194;2502;7;38;156;1;26;66;19;44;116;78;10;0;5;3;2;0;0;0;0;4;1;1;0;0;0;1;0;1;1;0;0;0;0;0;0
2016;"MUNICIPIO";230660;139;2502;3;18;121;9;20;41;16;35;81;58;9;0;5;3;2;0;1;0;0;2;0;0;0;0;0;0;0;0;0;0;0;0;0;0;0
2016;"MUNICIPIO";230670;125;2502;9;20;105;2;25;39;15;24;70;55;8;0;3;1;2;0;1;0;0;0;0;0;0;0;0;0;0;0;0;0;0;0;0;0;0
2016;"MUNICIPIO";230680;64;2502;10;13;51;1;14;15;6;15;34;30;3;0;4;3;1;0;2;0;0;0;0;0;0;0;0;0;0;0;0;0;0;0;0;0;0
2016;"MUNICIPIO";230690;250;2502;6;34;216;8;40;105;21;42;144;106;12;0;7;7;0;0;3;0;0;3;0;0;0;0;0;0;0;0;0;0;0;0;0;0;0
2016;"MUNICIPIO";230700;222;2502;6;25;197;7;45;55;30;60;118;104;5;0;4;3;1;0;0;0;0;3;0;0;0;0;0;0;0;0;0;0;0;0;0;0;0
2016;"MUNICIPIO";230710;177;2502;3;22;155;2;36;50;23;44;116;61;3;0;7;5;2;0;2;0;0;5;0;0;0;0;0;0;0;0;0;0;0;0;0;0;0
2016;"MUNICIPIO";230720;55;2502;2;7;48;0;11;8;10;19;29;26;2;0;2;2;0;0;0;0;0;2;0;0;0;0;0;0;0;0;0;0;0;0;0;0;0
2016;"MUNICIPIO";230725;109;2502;8;27;82;3;17;26;10;26;66;43;6;0;7;6;1;0;1;0;0;4;0;0;0;0;0;0;0;0;0;0;0;0;0;0;0
2016;"MUNICIPIO";230730;1813;2502;102;230;1583;71;294;526;210;482;953;859;100;0;66;41;25;0;14;0;0;34;0;10;5;0;1;2;2;8;8;0;0;2;5;1;0
2016;"MUNICIPIO";230740;165;2502;10;35;130;8;15;35;16;56;106;59;5;0;0;0;0;0;0;0;0;0;0;0;0;0;0;0;0;0;0;0;0;0;0;0;0
2016;"MUNICIPIO";230750;210;2502;14;23;187;4;42;61;31;49;125;85;6;0;4;4;0;0;2;0;0;2;0;0;0;0;0;0;0;0;0;0;0;0;0;0;0
2016;"MUNICIPIO";230760;367;2502;23;71;296;17;75;105;37;62;208;159;18;0;1;1;0;0;1;0;0;0;0;1;0;0;0;1;0;1;1;0;0;0;0;0;0
2016;"MUNICIPIO";230763;122;2502;4;19;103;3;16;43;11;30;82;40;3;0;4;3;1;0;1;0;0;2;0;0;0;0;0;0;0;0;0;0;0;0;0;0;0
2016;"MUNICIPIO";230765;1309;2502;55;286;1023;43;233;296;104;347;791;518;66;0;40;30;10;0;11;0;0;16;1;4;1;0;0;1;2;2;1;1;0;0;1;0;0
2016;"MUNICIPIO";230770;652;2502;30;106;546;25;93;147;83;198;390;262;33;0;22;18;4;0;5;0;0;9;0;2;1;0;0;0;1;1;1;0;0;0;1;0;0
2016;"MUNICIPIO";230780;133;2502;2;39;94;5;13;26;16;34;84;49;4;0;9;5;4;0;0;0;0;9;0;1;0;0;0;1;0;1;1;0;0;0;0;0;0
2016;"MUNICIPIO";230790;52;2502;3;5;47;4;8;12;6;17;29;23;7;0;2;1;1;0;0;0;0;1;0;0;0;0;0;0;0;0;0;0;0;0;0;0;0
2016;"MUNICIPIO";230800;240;2502;13;24;216;14;49;73;24;56;138;102;11;0;4;4;0;1;0;0;0;4;0;0;0;0;0;0;0;0;0;0;0;0;0;0;0
2016;"MUNICIPIO";230810;247;2502;11;24;223;14;37;61;37;74;137;110;11;0;7;4;3;0;2;0;0;3;0;3;1;0;0;1;1;2;2;0;1;0;0;0;1
2016;"MUNICIPIO";230820;84;2502;3;8;76;1;11;26;12;26;48;36;1;0;6;3;3;0;0;0;0;5;0;0;0;0;0;0;0;0;0;0;0;0;0;0;0
2016;"MUNICIPIO";230830;156;2502;18;13;143;9;21;55;19;39;80;76;13;0;3;2;1;0;0;0;0;2;0;1;0;0;0;1;0;1;1;0;0;0;1;0;0
2016;"MUNICIPIO";230835;98;2502;8;18;80;2;16;34;3;25;56;42;8;0;1;1;0;0;1;0;0;0;0;0;0;0;0;0;0;0;0;0;0;0;0;0;0
2016;"MUNICIPIO";230837;67;2502;1;10;57;2;6;22;14;13;44;23;0;0;3;3;0;0;1;0;0;2;0;0;0;0;0;0;0;0;0;0;0;0;0;0;0
2016;"MUNICIPIO";230840;230;2502;11;33;197;10;46;58;29;54;140;90;12;0;9;7;2;0;3;0;0;5;0;1;0;0;0;1;0;1;1;0;0;0;1;0;0
2016;"MUNICIPIO";230850;333;2502;22;32;301;4;55;129;65;48;204;129;9;0;7;3;4;0;0;0;0;3;0;0;0;0;0;0;0;0;0;0;0;0;0;0;0
2016;"MUNICIPIO";230860;116;2502;2;12;104;4;15;40;8;37;67;49;3;0;7;5;2;0;1;0;0;5;0;0;0;0;0;0;0;0;0;0;0;0;0;0;0
2016;"MUNICIPIO";230870;415;2502;18;90;325;7;69;136;27;86;266;148;15;0;4;4;0;0;1;0;0;1;0;1;0;0;0;1;0;1;1;0;0;0;1;0;0
2016;"MUNICIPIO";230880;44;2502;0;5;39;2;10;6;9;12;32;12;1;0;1;1;0;0;0;0;0;1;0;0;0;0;0;0;0;0;0;0;0;0;0;0;0
2016;"MUNICIPIO";230890;115;2502;2;18;97;3;16;36;17;25;80;35;4;0;5;4;1;0;0;0;0;5;0;0;0;0;0;0;0;0;0;0;0;0;0;0;0
2016;"MUNICIPIO";230900;109;2502;0;5;104;6;18;27;26;27;57;52;2;0;2;1;1;0;0;0;0;2;0;0;0;0;0;0;0;0;0;0;0;0;0;0;0
2016;"MUNICIPIO";230910;52;2502;2;9;43;3;7;14;9;10;35;17;1;0;2;1;1;0;0;0;0;1;0;0;0;0;0;0;0;0;0;0;0;0;0;0;0
2016;"MUNICIPIO";230920;111;2502;5;16;95;6;19;23;13;34;69;42;2;0;6;5;1;0;1;0;0;4;0;0;0;0;0;0;0;0;0;0;0;0;0;0;0
2016;"MUNICIPIO";230930;257;2502;1;27;230;15;41;97;28;49;139;118;3;0;3;1;2;0;0;0;0;3;0;1;1;0;0;0;0;1;1;0;0;0;0;0;0
2016;"MUNICIPIO";230940;185;2502;7;15;170;2;28;85;16;39;112;73;8;0;5;5;0;1;0;0;0;5;0;0;0;0;0;0;0;0;0;0;0;0;0;0;0
2016;"MUNICIPIO";230945;162;2502;1;33;129;4;29;46;21;29;104;58;5;0;2;2;0;0;1;0;0;0;0;0;0;0;0;0;0;0;0;0;0;0;0;0;0
2016;"MUNICIPIO";230950;193;2502;17;27;166;6;31;68;13;48;97;96;13;0;1;0;1;0;0;0;0;1;0;0;0;0;0;0;0;0;0;0;0;0;0;0;0
2016;"MUNICIPIO";230960;354;2502;7;98;256;13;35;74;35;99;215;139;22;0;8;6;2;0;0;0;0;6;0;0;0;0;0;0;0;0;0;0;0;0;0;0;0
2016;"MUNICIPIO";230970;332;2502;15;74;258;11;51;87;24;85;184;148;24;0;14;12;2;0;1;0;0;8;0;0;0;0;0;0;0;0;0;0;0;0;0;0;0
2016;"MUNICIPIO";230980;81;2502;4;18;63;3;14;19;6;21;47;34;2;0;1;0;1;0;0;0;0;0;0;1;1;0;0;0;0;1;0;0;0;1;0;0;0
2016;"MUNICIPIO";230990;55;2502;3;9;46;3;12;14;3;14;23;32;5;0;1;1;0;0;0;0;0;1;0;0;0;0;0;0;0;0;0;0;0;0;0;0;0
2016;"MUNICIPIO";231000;55;2502;0;6;49;1;13;17;2;16;28;27;1;0;0;0;0;0;0;0;0;0;0;0;0;0;0;0;0;0;0;0;0;0;0;0;0
2016;"MUNICIPIO";231010;51;2502;1;5;46;1;5;22;2;16;29;22;1;0;1;0;1;0;0;0;0;1;0;0;0;0;0;0;0;0;0;0;0;0;0;0;0
2016;"MUNICIPIO";231020;208;2502;3;33;175;4;34;68;24;45;130;78;11;0;11;9;2;0;2;0;0;4;0;0;0;0;0;0;0;0;0;0;0;0;0;0;0
2016;"MUNICIPIO";231025;201;2502;12;45;156;2;37;45;13;59;128;73;9;0;3;1;2;0;1;0;0;1;0;0;0;0;0;0;0;0;0;0;0;0;0;0;0
2016;"MUNICIPIO";231030;213;2502;17;33;180;4;37;61;14;64;126;87;10;0;1;1;0;1;1;0;0;0;0;0;0;0;0;0;0;0;0;0;0;0;0;0;0
2016;"MUNICIPIO";231040;68;2502;0;9;59;2;8;26;3;20;41;27;6;0;3;3;0;0;0;1;0;0;0;0;0;0;0;0;0;0;0;0;0;0;0;0;0
2016;"MUNICIPIO";231050;302;2502;7;66;236;15;40;91;26;64;188;114;14;0;5;3;2;0;1;0;0;2;0;0;0;0;0;0;0;0;0;0;0;0;0;0;0
2016;"MUNICIPIO";231060;56;2502;3;7;49;2;10;16;6;15;37;19;0;0;3;3;0;0;0;0;0;2;0;0;0;0;0;0;0;0;0;0;0;0;0;0;0
2016;"MUNICIPIO";231070;223;2502;5;29;194;12;35;40;36;71;130;93;11;0;5;4;1;0;1;0;0;1;0;0;0;0;0;0;0;0;0;0;0;0;0;0;0
2016;"MUNICIPIO";231080;113;2502;6;10;103;1;17;45;11;29;65;48;3;0;5;5;0;1;2;1;0;1;0;0;0;0;0;0;0;0;0;0;0;0;0;0;0
2016;"MUNICIPIO";231085;159;2502;2;21;138;4;20;34;17;63;84;75;7;0;4;4;0;0;0;0;0;3;0;0;0;0;0;0;0;0;0;0;0;0;0;0;0
2016;"MUNICIPIO";231090;120;2502;4;14;106;5;16;40;12;33;74;46;3;0;3;2;1;0;3;0;0;0;0;0;0;0;0;0;0;0;0;0;0;0;0;0;0
2016;"MUNICIPIO";231095;67;2502;3;7;60;4;13;23;7;13;41;26;2;0;2;2;0;0;1;0;0;1;0;1;1;0;0;0;0;1;0;1;0;0;0;0;0
2016;"MUNICIPIO";231100;78;2502;0;9;69;1;11;27;6;24;44;34;3;0;2;1;1;0;2;0;0;0;0;1;0;0;0;0;1;0;0;0;0;0;0;0;0
2016;"MUNICIPIO";231110;86;2502;3;8;78;4;13;29;9;23;47;38;3;0;6;1;5;0;2;0;0;3;0;0;0;0;0;0;0;0;0;0;0;0;0;0;0
2016;"MUNICIPIO";231120;74;2502;2;8;66;2;3;33;11;17;39;35;1;0;0;0;0;0;0;0;0;0;0;0;0;0;0;0;0;0;0;0;0;0;0;0;0
2016;"MUNICIPIO";231123;34;2502;3;8;26;0;10;6;4;6;19;15;3;0;0;0;0;0;0;0;0;0;0;0;0;0;0;0;0;0;0;0;0;0;0;0;0
2016;"MUNICIPIO";231126;138;2502;10;22;116;3;24;46;13;30;78;60;9;0;3;3;0;0;1;0;0;2;0;1;0;0;0;1;0;1;1;0;0;0;0;0;1
2016;"MUNICIPIO";231130;610;2502;25;79;531;35;84;105;83;224;369;241;29;0;22;16;6;0;3;0;0;18;0;0;0;0;0;0;0;0;0;0;0;0;0;0;0
2016;"MUNICIPIO";231135;133;2502;5;12;121;6;18;31;11;55;78;55;5;0;4;3;1;0;0;0;0;4;0;0;0;0;0;0;0;0;0;0;0;0;0;0;0
2016;"MUNICIPIO";231140;511;2502;36;59;452;15;88;138;65;146;286;225;31;0;17;11;6;0;2;0;0;13;0;1;0;0;0;1;0;1;0;0;0;0;0;0;0
2016;"MUNICIPIO";231150;141;2502;6;26;115;5;27;39;20;24;90;51;5;0;2;1;1;0;1;0;0;0;0;0;0;0;0;0;0;0;0;0;0;0;0;0;0
2016;"MUNICIPIO";231160;196;2502;3;39;157;6;33;57;9;52;117;79;6;0;3;3;0;0;1;0;0;1;0;1;0;0;0;1;0;1;1;0;0;0;1;0;0
2016;"MUNICIPIO";231170;133;2502;4;9;124;4;24;43;30;23;75;58;2;0;2;2;0;0;0;0;0;2;0;0;0;0;0;0;0;0;0;0;0;0;0;0;0
2016;"MUNICIPIO";231180;485;2502;23;111;374;12;80;120;59;103;289;195;21;0;15;13;2;1;2;0;0;9;0;3;1;0;0;2;0;3;3;0;0;1;1;0;0
2016;"MUNICIPIO";231190;81;2502;4;6;75;6;10;23;6;30;48;33;2;0;1;1;0;0;1;0;0;0;0;0;0;0;0;0;0;0;0;0;0;0;0;0;0
2016;"MUNICIPIO";231195;82;2502;6;11;71;2;15;26;6;22;52;30;3;0;4;2;2;0;0;0;0;4;0;0;0;0;0;0;0;0;0;0;0;0;0;0;0
2016;"MUNICIPIO";231200;171;2502;16;24;147;8;26;34;21;58;97;74;12;0;5;5;0;0;0;0;0;4;0;0;0;0;0;0;0;0;0;0;0;0;0;0;0
2016;"MUNICIPIO";231210;98;2502;6;15;83;1;16;36;12;18;55;43;6;0;2;2;0;0;0;0;0;2;0;0;0;0;0;0;0;0;0;0;0;0;0;0;0
2016;"MUNICIPIO";231220;257;2502;0;27;230;4;15;166;13;32;160;97;4;0;7;4;3;0;2;0;1;3;0;0;0;0;0;0;0;0;0;0;0;0;0;0;0
2016;"MUNICIPIO";231230;333;2502;27;52;281;13;48;95;45;80;189;144;22;0;10;8;2;0;2;0;0;8;0;2;0;1;0;1;0;2;2;0;1;1;0;0;0
2016;"MUNICIPIO";231240;294;2502;19;54;240;8;39;72;37;84;174;120;19;0;13;10;3;0;3;0;1;7;0;1;0;0;0;1;0;1;1;0;0;1;0;0;0
2016;"MUNICIPIO";231250;70;2502;0;23;47;2;4;25;8;8;44;26;2;0;0;0;0;0;0;0;0;0;0;0;0;0;0;0;0;0;0;0;0;0;0;0;0
2016;"MUNICIPIO";231260;94;2502;5;15;79;3;21;21;12;22;56;38;6;0;1;1;0;0;1;0;0;0;0;0;0;0;0;0;0;0;0;0;0;0;0;0;0
2016;"MUNICIPIO";231270;222;2502;10;38;184;8;37;60;17;62;133;88;13;0;12;9;3;0;2;0;0;7;0;1;0;0;0;1;0;1;1;0;0;1;0;0;0
2016;"MUNICIPIO";231280;36;2502;0;3;33;0;3;13;4;13;22;14;1;0;1;1;0;0;0;0;0;1;0;0;0;0;0;0;0;0;0;0;0;0;0;0;0
2016;"MUNICIPIO";231290;1122;2502;72;156;966;68;186;262;145;305;617;505;64;0;30;17;13;0;8;0;0;21;0;2;0;0;1;1;0;2;2;1;0;0;0;0;0
2016;"MUNICIPIO";231300;145;2502;10;17;128;5;29;51;10;33;85;60;2;0;4;2;2;0;0;0;0;3;0;0;0;0;0;0;0;0;0;0;0;0;0;0;0
2016;"MUNICIPIO";231310;234;2502;9;52;182;8;37;74;26;37;135;99;7;0;8;8;0;0;1;0;0;3;0;0;0;0;0;0;0;0;0;0;0;0;0;0;0
2016;"MUNICIPIO";231320;207;2502;9;27;180;9;35;56;27;53;126;81;11;0;4;1;3;0;0;0;0;2;0;2;1;0;0;1;0;2;2;0;0;2;0;0;0
2016;"MUNICIPIO";231325;61;2502;1;8;53;1;6;25;3;18;37;24;2;0;2;2;0;0;0;0;0;1;0;0;0;0;0;0;0;0;0;0;0;0;0;0;0
2016;"MUNICIPIO";231330;396;2502;15;64;332;16;68;128;34;86;228;168;14;0;11;8;3;0;4;0;0;4;0;0;0;0;0;0;0;0;0;0;0;0;0;0;0
2016;"MUNICIPIO";231335;93;2502;2;12;81;2;12;25;20;22;63;30;3;0;2;1;1;0;1;0;0;0;0;0;0;0;0;0;0;0;0;0;0;0;0;0;0
2016;"MUNICIPIO";231340;456;2502;19;68;388;11;69;157;48;103;281;175;22;0;19;11;8;0;4;0;0;15;0;2;0;0;0;0;2;0;0;0;0;0;0;0;0
2016;"MUNICIPIO";231350;253;2502;11;44;209;10;35;67;43;54;146;107;14;0;13;6;7;0;4;0;0;8;0;2;1;0;0;0;1;1;1;0;0;0;1;0;0
2016;"MUNICIPIO";231355;74;2502;1;15;59;1;12;26;7;13;43;31;3;0;4;4;0;0;1;0;0;3;0;0;0;0;0;0;0;0;0;0;0;0;0;0;0
2016;"MUNICIPIO";231360;172;2502;7;26;146;4;35;52;15;40;98;74;5;0;7;5;2;0;0;0;1;4;0;0;0;0;0;0;0;0;0;0;0;0;0;0;0
2016;"MUNICIPIO";231370;49;2502;0;4;45;1;5;22;4;13;27;22;0;0;0;0;0;0;0;0;0;0;0;0;0;0;0;0;0;0;0;0;0;0;0;0;0
2016;"MUNICIPIO";231375;90;2502;3;11;79;6;10;20;14;29;56;34;6;0;4;4;0;0;2;0;0;2;0;0;0;0;0;0;0;0;0;0;0;0;0;0;0
2016;"MUNICIPIO";231380;139;2502;8;16;123;5;18;45;17;38;85;54;8;0;4;3;1;0;0;1;0;1;0;1;1;0;0;0;0;1;1;0;0;0;1;0;0
2016;"MUNICIPIO";231390;83;2502;6;12;71;3;14;20;16;18;45;38;6;0;3;2;1;0;0;0;0;3;0;1;1;0;0;0;0;1;0;0;1;0;0;0;0
2016;"MUNICIPIO";231395;130;2502;3;15;115;9;28;40;15;23;67;63;3;0;3;2;1;0;0;0;0;2;0;0;0;0;0;0;0;0;0;0;0;0;0;0;0
2016;"MUNICIPIO";231400;286;2502;2;35;251;15;47;56;67;66;169;117;6;0;5;4;1;0;2;0;0;2;0;0;0;0;0;0;0;0;0;0;0;0;0;0;0
2016;"MUNICIPIO";231410;293;2502;19;54;239;10;45;93;26;65;174;119;16;0;9;6;3;0;0;0;0;8;0;0;0;0;0;0;0;0;0;0;0;0;0;0;0
